{
  "annualized_return": 0.11934822058947492,
  "sharpe": 5.567961017166456,
  "max_drawdown": -0.002548581258626448,
  "alpha": -0.28506347555605216,
  "buy_hold_cagr": 0.4044116961455271
}