{
  "annualized_return": 0.11982008504897745,
  "sharpe": 7.731968941941806,
  "max_drawdown": -0.003233858610000695,
  "alpha": -0.2845916110965496,
  "buy_hold_cagr": 0.4044116961455271
}