{
  "annualized_return": 0.16414418602350067,
  "sharpe": 0.8648699032276642,
  "max_drawdown": -0.21216498835676345,
  "alpha": 0.16414418602350067,
  "buy_hold_cagr": 0.0
}