{
  "annualized_return": 0.1690330340329973,
  "sharpe": 0.9038707416301246,
  "max_drawdown": -0.20616401386017114,
  "alpha": -0.23537866211252978,
  "buy_hold_cagr": 0.4044116961455271
}